Email,First Name,Last Name
esme.pfister@hotmail.com,Esme,Pfister
dre.bugbee@gmail.com,Dre,Bugbee
gianina.karly@hotmail.com,Gianina,Karly
lizzie.shiller@gmail.com,Lizzie,Shiller
kerrill.clywd@aol.com,Kerrill,Clywd
agnes.david@hotmail.com,Agnes,David
carmela.rothstein@gmail.com,Carmela,Rothstein
shelli.oribelle@yahoo.com,Shelli,Oribelle
marleah.peoples@aol.com,Marleah,Peoples
sena.deonne@aol.com,Sena,Deonne
lesli.bradleigh@aol.com,Lesli,Bradleigh
leilah.dibru@aol.com,Leilah,Dibru
pam.kenwood@aol.com,Pam,Kenwood
annadiana.grochow@aol.com,Annadiana,Grochow
cissiee.salvatore@yahoo.com,Cissiee,Salvatore
deana.abbott@yahoo.com,Deana,Abbott
storm.elke@aol.com,Storm,Elke
rubi.jenks@aol.com,Rubi,Jenks
cathee.nagel@hotmail.com,Cathee,Nagel
carlie.janina@yahoo.com,Carlie,Janina
starlin.rachael@gmail.com,Starlin,Rachael
gussie.hartnett@hotmail.com,Gussie,Hartnett
laurice.cartan@gmail.com,Laurice,Cartan
desiri.wiggins@gmail.com,Desiri,Wiggins
halie.meriel@gmail.com,Halie,Meriel
babette.urquhart@aol.com,Babette,Urquhart
phebe.schechter@gmail.com,Phebe,Schechter
philipa.mcripley@yahoo.com,Philipa,McRipley
kaylil.duster@gmail.com,Kaylil,Duster
kimmi.sartin@gmail.com,Kimmi,Sartin
kimberlee.ilaire@gmail.com,Kimberlee,Ilaire
celine.urana@yahoo.com,Celine,Urana
othelia.hannan@gmail.com,Othelia,Hannan
marcie.young@gmail.com,Marcie,Young
morna.thorley@hotmail.com,Morna,Thorley
sydelle.falconer@gmail.com,Sydelle,Falconer
ali.herb@gmail.com,Ali,Herb
sena.gabey@gmail.com,Sena,Gabey
juana.photina@yahoo.com,Juana,Photina
leta.pardew@yahoo.com,Leta,Pardew
sharia.zenas@hotmail.com,Sharia,Zenas
marys.shara@gmail.com,Marys,Shara
amara.emlin@gmail.com,Amara,Emlin
aggy.lindi@gmail.com,Aggy,Lindi
dareen.lindi@gmail.com,Dareen,Lindi
kora.cynthie@hotmail.com,Kora,Cynthie
aigneis.alger@gmail.com,Aigneis,Alger
valery.sandro@gmail.com,Valery,Sandro
kristine.fransis@gmail.com,Kristine,Fransis
moria.pironi@aol.com,Moria,Pironi
prudy.bengt@gmail.com,Prudy,Bengt
korney.piegari@hotmail.com,Korney,Piegari
aurea.alic@gmail.com,Aurea,Alic
aura.bethanne@gmail.com,Aura,Bethanne
myrtie.sikorski@gmail.com,Myrtie,Sikorski
cinda.verene@hotmail.com,Cinda,Verene
dixie.viviyan@yahoo.com,Dixie,Viviyan
isobel.finella@aol.com,Isobel,Finella
lexis.hertzfeld@gmail.com,Lexis,Hertzfeld
hanna.manard@yahoo.com,Hanna,Manard
sibylle.claudelle@gmail.com,Sibylle,Claudelle
kariotta.benis@aol.com,Kariotta,Benis
edwina.klump@aol.com,Edwina,Klump
iseabal.kacerek@aol.com,Iseabal,Kacerek
drucy.jorgenson@aol.com,Drucy,Jorgenson
allegra.micheline@gmail.com,Allegra,Micheline
farrand.joana@hotmail.com,Farrand,Joana
gertrudis.hirschfeld@gmail.com,Gertrudis,Hirschfeld
norah.giralda@hotmail.com,Norah,Giralda
malissa.austina@gmail.com,Malissa,Austina
zsa zsa.bride@yahoo.com,Zsa Zsa,Bride
marys.shanly@yahoo.com,Marys,Shanly
corinne.charbonneau@yahoo.com,Corinne,Charbonneau
raquela.filide@yahoo.com,Raquela,Filide
ronny.festa@gmail.com,Ronny,Festa
berna.turino@gmail.com,Berna,Turino
bonni.mellicent@hotmail.com,Bonni,Mellicent
cynthy.theodoric@aol.com,Cynthy,Theodoric
aurora.salamanca@gmail.com,Aurora,Salamanca
faina.lisbeth@yahoo.com,Faina,Lisbeth
karalee.etka@gmail.com,Karalee,Etka
fawn.casi@hotmail.com,Fawn,Casi
sada.soutor@gmail.com,Sada,Soutor
ameline.twitt@gmail.com,Ameline,Twitt
hortensia.cassil@gmail.com,Hortensia,Cassil
cassandra.sara@gmail.com,Cassandra,Sara
doris.caleb@aol.com,Doris,Caleb
debbie.heger@aol.com,Debbie,Heger
therine.kremer@gmail.com,Therine,Kremer
cindi.balas@gmail.com,Cindi,Balas
floria.sverre@hotmail.com,Floria,Sverre
hannah.engeddi@aol.com,Hannah,Engeddi
melamie.gayleen@aol.com,Melamie,Gayleen
alison.krause@gmail.com,Alison,Krause
chlo.jerri@gmail.com,Chlo,Jerri
theresa.elyssa@aol.com,Theresa,Elyssa
nicolina.ornas@yahoo.com,Nicolina,Ornas
glynis.kristan@hotmail.com,Glynis,Kristan
wendy.leonora@aol.com,Wendy,Leonora
murial.cristobal@aol.com,Murial,Cristobal
georgia.penhall@gmail.com,Georgia,Penhall
maribelle.bolanger@gmail.com,Maribelle,Bolanger
darya.aney@gmail.com,Darya,Aney
muriel.owades@aol.com,Muriel,Owades
vonny.tasiana@gmail.com,Vonny,Tasiana
phyllys.justin@gmail.com,Phyllys,Justin
tabbi.buffy@hotmail.com,Tabbi,Buffy
millicent.cohlette@yahoo.com,Millicent,Cohlette
ortensia.whorton@aol.com,Ortensia,Whorton
dorian.middendorf@gmail.com,Dorian,Middendorf
leeann.pasadis@hotmail.com,Leeann,Pasadis
rebecka.sanfo@aol.com,Rebecka,Sanfo
dorella.berger@gmail.com,Dorella,Berger
casandra.kalasky@yahoo.com,Casandra,Kalasky
madonna.norina@hotmail.com,Madonna,Norina
halette.amberly@hotmail.com,Halette,Amberly
marsiella.michaelina@gmail.com,Marsiella,Michaelina
berni.jobi@hotmail.com,Berni,Jobi
katrina.ardelis@yahoo.com,Katrina,Ardelis
noami.brookhouse@yahoo.com,Noami,Brookhouse
benny.raddie@yahoo.com,Benny,Raddie
elita.adolf@gmail.com,Elita,Adolf
fenelia.corinne@yahoo.com,Fenelia,Corinne
natty.tremaine@hotmail.com,Natty,Tremaine
korie.ortrude@gmail.com,Korie,Ortrude
sarene.sarad@aol.com,Sarene,Sarad
frayda.lona@hotmail.com,Frayda,Lona
jayme.senior@yahoo.com,Jayme,Senior
minni.becket@gmail.com,Minni,Becket
brunhilde.prud@yahoo.com,Brunhilde,Prud
kerrill.raseta@aol.com,Kerrill,Raseta
nicoline.sugar@gmail.com,Nicoline,Sugar
dosi.monti@hotmail.com,Dosi,Monti
benni.katusha@yahoo.com,Benni,Katusha
jamima.moises@hotmail.com,Jamima,Moises
dottie.devonne@aol.com,Dottie,Devonne
anjela.slemmer@gmail.com,Anjela,Slemmer
leesa.herzog@gmail.com,Leesa,Herzog
coleen.hey@gmail.com,Coleen,Hey
lisette.johst@aol.com,Lisette,Johst
arlinda.cryan@gmail.com,Arlinda,Cryan
dominica.massimo@aol.com,Dominica,Massimo
lindie.heilner@aol.com,Lindie,Heilner
jillene.quinby@aol.com,Jillene,Quinby
sherline.ullund@gmail.com,Sherline,Ullund
robby.gaudet@gmail.com,Robby,Gaudet
desirae.flemming@hotmail.com,Desirae,Flemming
kelsy.virnelli@yahoo.com,Kelsy,Virnelli
sukey.dino@aol.com,Sukey,Dino
phillie.mazurek@gmail.com,Phillie,Mazurek
christin.peppie@gmail.com,Christin,Peppie
pepita.stefano@hotmail.com,Pepita,Stefano
lil.spatola@gmail.com,Lil,Spatola
mirelle.pavkovic@aol.com,Mirelle,Pavkovic
marci.harilda@yahoo.com,Marci,Harilda
nicole.licha@gmail.com,Nicole,Licha
coreen.seligman@yahoo.com,Coreen,Seligman
marquita.fi@gmail.com,Marquita,Fi
carline.algernon@aol.com,Carline,Algernon
adriena.hercule@yahoo.com,Adriena,Hercule
shane.erskine@yahoo.com,Shane,Erskine
aileen.philomena@gmail.com,Aileen,Philomena
hollyanne.reste@yahoo.com,Hollyanne,Reste
heddi.tol@aol.com,Heddi,Tol
lilia.shamus@hotmail.com,Lilia,Shamus
candis.ortrude@aol.com,Candis,Ortrude
liva.svetlana@gmail.com,Liva,Svetlana
elsie.malca@gmail.com,Elsie,Malca
marilyn.chadwick@yahoo.com,Marilyn,Chadwick
kathlin.hanson@aol.com,Kathlin,Hanson
celisse.knoll@yahoo.com,Celisse,Knoll
arabele.ingold@yahoo.com,Arabele,Ingold
abigael.raye@hotmail.com,Abigael,Raye
greta.ciro@hotmail.com,Greta,Ciro
chiquia.edeline@aol.com,Chiquia,Edeline
phillis.garrik@gmail.com,Phillis,Garrik
issi.gale@gmail.com,Issi,Gale
olympia.durer@yahoo.com,Olympia,Durer
leland.kristal@yahoo.com,Leland,Kristal
carrissa.standish@gmail.com,Carrissa,Standish
zorah.fraze@yahoo.com,Zorah,Fraze
elyssa.ernestus@yahoo.com,Elyssa,Ernestus
brandais.fleta@gmail.com,Brandais,Fleta
kordula.lynnett@gmail.com,Kordula,Lynnett
karry.zaccaria@gmail.com,Karry,Zaccaria
emmaline.kletter@aol.com,Emmaline,Kletter
tiffany.brandyn@gmail.com,Tiffany,Brandyn
sibley.gib@aol.com,Sibley,Gib
christabella.rosemari@hotmail.com,Christabella,Rosemari
jacquenetta.devi@gmail.com,Jacquenetta,Devi
kathryne.cadmarr@gmail.com,Kathryne,Cadmarr
judye.riegel@yahoo.com,Judye,Riegel
aubine.seen@gmail.com,Aubine,Seen
carolann.nuris@aol.com,Carolann,Nuris
gisella.heeley@gmail.com,Gisella,Heeley
faina.klinger@gmail.com,Faina,Klinger
janina.madelyn@hotmail.com,Janina,Madelyn
cybill.seda@gmail.com,Cybill,Seda
livvie.cloots@aol.com,Livvie,Cloots
alysia.etra@gmail.com,Alysia,Etra
annamarie.caz@hotmail.com,Annamarie,Caz
katharina.ramah@hotmail.com,Katharina,Ramah
jacqueline.higley@gmail.com,Jacqueline,Higley
andy.calderon@gmail.com,Andy,Calderon
nelli.ahlgren@hotmail.com,Nelli,Ahlgren
jennica.elexa@aol.com,Jennica,Elexa
madel.radmen@gmail.com,Madel,Radmen
karil.dixie@gmail.com,Karil,Dixie
eleonora.renckens@gmail.com,Eleonora,Renckens
gabie.lovering@yahoo.com,Gabie,Lovering
valli.brenda@gmail.com,Valli,Brenda
adiana.verina@yahoo.com,Adiana,Verina
netta.cavill@hotmail.com,Netta,Cavill
betsey.cutcliffe@yahoo.com,Betsey,Cutcliffe
dorothy.chloras@gmail.com,Dorothy,Chloras
laura.ruthi@hotmail.com,Laura,Ruthi
tabitha.amend@hotmail.com,Tabitha,Amend
jorry.merril@aol.com,Jorry,Merril
minerva.ultima@aol.com,Minerva,Ultima
irene.placido@aol.com,Irene,Placido
jordain.mercier@aol.com,Jordain,Mercier
perry.emili@gmail.com,Perry,Emili
abagael.hurst@yahoo.com,Abagael,Hurst
evangeline.grados@hotmail.com,Evangeline,Grados
cymbre.ame@gmail.com,Cymbre,Ame
ronni.lazor@gmail.com,Ronni,Lazor
maurita.mahon@gmail.com,Maurita,Mahon
bobina.kawasaki@gmail.com,Bobina,Kawasaki
bobette.gloriana@gmail.com,Bobette,Gloriana
filide.norri@gmail.com,Filide,Norri
myrtice.jerz@gmail.com,Myrtice,Jerz
dulcinea.canfield@yahoo.com,Dulcinea,Canfield
tawnya.joella@aol.com,Tawnya,Joella
gretchen.wojak@hotmail.com,Gretchen,Wojak
cacilie.westlund@aol.com,Cacilie,Westlund
benedetta.austina@yahoo.com,Benedetta,Austina
catarina.aeriela@aol.com,Catarina,Aeriela
fey.auberta@gmail.com,Fey,Auberta
katrine.hocker@gmail.com,Katrine,Hocker
lianna.horatio@gmail.com,Lianna,Horatio
roseanna.shirl@gmail.com,Roseanna,Shirl
phyllys.amaral@gmail.com,Phyllys,Amaral
ethelda.arissa@gmail.com,Ethelda,Arissa
angelle.beniamino@aol.com,Angelle,Beniamino
brigitta.winthorpe@aol.com,Brigitta,Winthorpe
maryjane.noll@aol.com,Maryjane,Noll
darya.magill@yahoo.com,Darya,Magill
serena.woodford@aol.com,Serena,Woodford
adriane.kehr@gmail.com,Adriane,Kehr
beverly.farah@gmail.com,Beverly,Farah
mitzi.plerre@gmail.com,Mitzi,Plerre
petra.kara-lynn@yahoo.com,Petra,Kara-Lynn
luz.calvina@gmail.com,Luz,Calvina
renae.roche@aol.com,Renae,Roche
cherlyn.leftwich@yahoo.com,Cherlyn,Leftwich
vannie.demmy@gmail.com,Vannie,Demmy
georgeta.maddie@gmail.com,Georgeta,Maddie
mellisent.beckie@yahoo.com,Mellisent,Beckie
valry.ericksen@yahoo.com,Valry,Ericksen
kasey.grantland@gmail.com,Kasey,Grantland
tiffie.amelia@yahoo.com,Tiffie,Amelia
bendite.groome@hotmail.com,Bendite,Groome
sybil.girard@gmail.com,Sybil,Girard
loretta.beauregard@aol.com,Loretta,Beauregard
stace.gereron@aol.com,Stace,Gereron
cristi.moriyama@gmail.com,Cristi,Moriyama
jammie.michon@hotmail.com,Jammie,Michon
dyanne.pump@gmail.com,Dyanne,Pump
rebe.gautious@aol.com,Rebe,Gautious
brunhilda.lurlene@aol.com,Brunhilda,Lurlene
lotti.nanette@hotmail.com,Lotti,Nanette
lacie.rusel@aol.com,Lacie,Rusel
lucine.clim@gmail.com,Lucine,Clim
courtney.dilisio@yahoo.com,Courtney,Dilisio
sophey.bertrand@gmail.com,Sophey,Bertrand
ilyse.itch@yahoo.com,Ilyse,Itch
gracia.judie@yahoo.com,Gracia,Judie
dix.heddi@gmail.com,Dix,Heddi
darrelle.aleece@aol.com,Darrelle,Aleece
konstanze.merri@gmail.com,Konstanze,Merri
mersey.clothilde@gmail.com,Mersey,Clothilde
caitrin.rodmun@gmail.com,Caitrin,Rodmun
lettie.favien@yahoo.com,Lettie,Favien
glad.regazzi@gmail.com,Glad,Regazzi
emera.harpp@gmail.com,Emera,Harpp
laurena.goddart@gmail.com,Laurena,Goddart
mariel.helaina@gmail.com,Mariel,Helaina
jacquette.brodench@hotmail.com,Jacquette,Brodench
isahella.donegan@aol.com,Isahella,Donegan
shel.danzig@aol.com,Shel,Danzig
anett.hassi@hotmail.com,Anett,Hassi
collie.rustin@gmail.com,Collie,Rustin
billi.fassold@aol.com,Billi,Fassold
robbi.jarret@aol.com,Robbi,Jarret
cathleen.harp@hotmail.com,Cathleen,Harp
henriette.rae@gmail.com,Henriette,Rae
gray.carlita@hotmail.com,Gray,Carlita
diane.savadove@aol.com,Diane,Savadove
jorey.marga@yahoo.com,Jorey,Marga
clarette.malamut@yahoo.com,Clarette,Malamut
deeanne.ranite@gmail.com,Deeanne,Ranite
emelina.gorrian@aol.com,Emelina,Gorrian
genny.merriott@hotmail.com,Genny,Merriott
myrle.hershel@hotmail.com,Myrle,Hershel
trula.boylston@gmail.com,Trula,Boylston
cordelia.latoye@yahoo.com,Cordelia,Latoye
aeriell.caryn@gmail.com,Aeriell,Caryn
germana.driskill@gmail.com,Germana,Driskill
rosita.dilly@yahoo.com,Rosita,Dilly
elset.florette@gmail.com,Elset,Florette
liza.zysk@gmail.com,Liza,Zysk
clementine.orland@hotmail.com,Clementine,Orland
melba.brag@gmail.com,Melba,Brag
timothea.chery@aol.com,Timothea,Chery
britney.mascia@gmail.com,Britney,Mascia
isahella.chery@hotmail.com,Isahella,Chery
sherry.lananna@aol.com,Sherry,Lananna
hana.arella@hotmail.com,Hana,Arella
gail.gilmer@aol.com,Gail,Gilmer
imogen.beth@yahoo.com,Imogen,Beth
lyssa.hebrew@aol.com,Lyssa,Hebrew
karia.rebekah@hotmail.com,Karia,Rebekah
gabriellia.swihart@gmail.com,Gabriellia,Swihart
georgeanna.arianna@gmail.com,Georgeanna,Arianna
leontine.ley@yahoo.com,Leontine,Ley
dierdre.vaclav@aol.com,Dierdre,Vaclav
ardelle.bertolde@gmail.com,Ardelle,Bertolde
torie.acima@aol.com,Torie,Acima
zonda.ehrsam@hotmail.com,Zonda,Ehrsam
leshia.knight@aol.com,Leshia,Knight
rodina.crescin@gmail.com,Rodina,Crescin
jaine.urquhart@gmail.com,Jaine,Urquhart
daloris.irita@yahoo.com,Daloris,Irita
brittne.greenleaf@gmail.com,Brittne,Greenleaf
wynny.gibeon@yahoo.com,Wynny,Gibeon
jaimie.tabby@gmail.com,Jaimie,Tabby
florella.jaquith@hotmail.com,Florella,Jaquith
maryjane.grete@gmail.com,Maryjane,Grete
beverley.elicia@hotmail.com,Beverley,Elicia
dasi.marleah@gmail.com,Dasi,Marleah
eydie.calie@gmail.com,Eydie,Calie
celle.shererd@gmail.com,Celle,Shererd
ivory.juanita@aol.com,Ivory,Juanita
brandy.scheer@yahoo.com,Brandy,Scheer
nadiya.rowley@aol.com,Nadiya,Rowley
sioux.marquet@hotmail.com,Sioux,Marquet
eleanore.elon@aol.com,Eleanore,Elon
tabbie.fennessy@yahoo.com,Tabbie,Fennessy
valencia.vassar@gmail.com,Valencia,Vassar
vivianna.dickerson@aol.com,Vivianna,Dickerson
marcelia.zasuwa@gmail.com,Marcelia,Zasuwa
ninnetta.hendrick@aol.com,Ninnetta,Hendrick
winnie.alverta@hotmail.com,Winnie,Alverta
christen.bandler@hotmail.com,Christen,Bandler
fawne.fowkes@hotmail.com,Fawne,Fowkes
christine.haily@gmail.com,Christine,Haily
trista.zeralda@hotmail.com,Trista,Zeralda
benoite.eran@yahoo.com,Benoite,Eran
nathalie.sunday@gmail.com,Nathalie,Sunday
emeline.andert@gmail.com,Emeline,Andert
ruperta.baten@hotmail.com,Ruperta,Baten
verla.minardi@yahoo.com,Verla,Minardi
marian.jamill@hotmail.com,Marian,Jamill
glynda.amoritta@yahoo.com,Glynda,Amoritta
aili.josepha@gmail.com,Aili,Josepha
desiri.gayleen@yahoo.com,Desiri,Gayleen
catherine.evoy@hotmail.com,Catherine,Evoy
carri.adalia@gmail.com,Carri,Adalia
aimee.so@gmail.com,Aimee,So
joell.karry@hotmail.com,Joell,Karry
kathleen.van@yahoo.com,Kathleen,Van
margaret.michi@aol.com,Margaret,Michi
delcina.quartas@hotmail.com,Delcina,Quartas
marianna.cora@hotmail.com,Marianna,Cora
estel.hasin@gmail.com,Estel,Hasin
drucy.therese@aol.com,Drucy,Therese
addi.tanner@hotmail.com,Addi,Tanner
vanda.ninetta@aol.com,Vanda,Ninetta
tawsha.reeher@gmail.com,Tawsha,Reeher
cheryl.zipporah@gmail.com,Cheryl,Zipporah
charita.hanafee@hotmail.com,Charita,Hanafee
marisa.thomasin@gmail.com,Marisa,Thomasin
raine.kaitlin@gmail.com,Raine,Kaitlin
merrie.blanch@gmail.com,Merrie,Blanch
nyssa.tham@yahoo.com,Nyssa,Tham
valeria.loydie@hotmail.com,Valeria,Loydie
maiga.fraase@yahoo.com,Maiga,Fraase
rianon.mcclenon@gmail.com,Rianon,McClenon
angeline.asare@hotmail.com,Angeline,Asare
alane.geneva@aol.com,Alane,Geneva
quentin.kobi@gmail.com,Quentin,Kobi
merry.tima@gmail.com,Merry,Tima
nathalie.saba@aol.com,Nathalie,Saba
yolane.lura@gmail.com,Yolane,Lura
melloney.anderegg@gmail.com,Melloney,Anderegg
seka.yursa@gmail.com,Seka,Yursa
alli.hercule@hotmail.com,Alli,Hercule
bobette.mccourt@yahoo.com,Bobette,McCourt
giulia.claudine@hotmail.com,Giulia,Claudine
blakeley.nadeau@hotmail.com,Blakeley,Nadeau
florina.sax@gmail.com,Florina,Sax
ekaterina.lattonia@yahoo.com,Ekaterina,Lattonia
elie.clywd@gmail.com,Elie,Clywd
sisely.arel@aol.com,Sisely,Arel
carrissa.weinstock@hotmail.com,Carrissa,Weinstock
peggie.bianchi@gmail.com,Peggie,Bianchi
hyacinthe.else@aol.com,Hyacinthe,Else
natalie.brittnee@aol.com,Natalie,Brittnee
saree.terris@gmail.com,Saree,Terris
michele.juta@yahoo.com,Michele,Juta
susanetta.fiertz@yahoo.com,Susanetta,Fiertz
rhianna.ieso@gmail.com,Rhianna,Ieso
jemie.imalda@hotmail.com,Jemie,Imalda
cammy.pickar@gmail.com,Cammy,Pickar
ardith.kerwin@aol.com,Ardith,Kerwin
katuscha.gollin@gmail.com,Katuscha,Gollin
mollie.zales@hotmail.com,Mollie,Zales
martha.jerrine@gmail.com,Martha,Jerrine
kora.littlejohn@yahoo.com,Kora,Littlejohn
myrna.tracy@aol.com,Myrna,Tracy
kariotta.ellard@gmail.com,Kariotta,Ellard
jeanne.kablesh@aol.com,Jeanne,Kablesh
erinn.callery@yahoo.com,Erinn,Callery
priscella.caton@yahoo.com,Priscella,Caton
krystle.burnsed@gmail.com,Krystle,Burnsed
ninnetta.jillane@gmail.com,Ninnetta,Jillane
harriott.renaldo@gmail.com,Harriott,Renaldo
shellie.blain@hotmail.com,Shellie,Blain
barrie.heller@yahoo.com,Barrie,Heller
susy.kally@gmail.com,Susy,Kally
celene.crispin@yahoo.com,Celene,Crispin
jeanna.gerri@hotmail.com,Jeanna,Gerri
kylen.thaxter@gmail.com,Kylen,Thaxter
fanya.sankaran@aol.com,Fanya,Sankaran
saundra.lightfoot@gmail.com,Saundra,Lightfoot
consuelo.stephan@gmail.com,Consuelo,Stephan
ileana.spence@gmail.com,Ileana,Spence
mead.pry@gmail.com,Mead,Pry
heda.mott@yahoo.com,Heda,Mott
federica.caresse@hotmail.com,Federica,Caresse
hanni.neela@aol.com,Hanni,Neela
meara.ashleigh@hotmail.com,Meara,Ashleigh
jolyn.sebastien@gmail.com,Jolyn,Sebastien
dulce.azelea@gmail.com,Dulce,Azelea
danny.menzies@aol.com,Danny,Menzies
ardine.wrand@gmail.com,Ardine,Wrand
celestyn.hedelman@hotmail.com,Celestyn,Hedelman
johnette.leonsis@gmail.com,Johnette,Leonsis
danita.mehitable@hotmail.com,Danita,Mehitable
odelle.wei@gmail.com,Odelle,Wei
alvera.tray@gmail.com,Alvera,Tray
ashlan.yursa@gmail.com,Ashlan,Yursa
estel.cliffes@yahoo.com,Estel,Cliffes
livvy.bev@gmail.com,Livvy,Bev
mignonne.orianna@yahoo.com,Mignonne,Orianna
helga.olag@gmail.com,Helga,Olag
michelle.ries@gmail.com,Michelle,Ries
heda.alyce@yahoo.com,Heda,Alyce
cherin.raseda@hotmail.com,Cherin,Raseda
candida.angus@aol.com,Candida,Angus
jere.vanderhoek@gmail.com,Jere,Vanderhoek
salomi.laforge@gmail.com,Salomi,Laforge
celia.askwith@gmail.com,Celia,Askwith
essy.jaclin@aol.com,Essy,Jaclin
blake.matthias@gmail.com,Blake,Matthias
clemmie.lucania@gmail.com,Clemmie,Lucania
papagena.fabron@gmail.com,Papagena,Fabron
bettina.chadbourne@yahoo.com,Bettina,Chadbourne
lissie.torhert@gmail.com,Lissie,Torhert
lesly.persons@yahoo.com,Lesly,Persons
dianne.alidus@gmail.com,Dianne,Alidus
susy.palladin@aol.com,Susy,Palladin
cherrita.mcintosh@gmail.com,Cherrita,McIntosh
karmen.schuman@aol.com,Karmen,Schuman
rubi.pheni@gmail.com,Rubi,Pheni
jana.normi@aol.com,Jana,Normi
enrika.frieder@hotmail.com,Enrika,Frieder
gwenneth.alcot@gmail.com,Gwenneth,Alcot
jade.marna@hotmail.com,Jade,Marna
martita.koressa@aol.com,Martita,Koressa
emeline.davie@hotmail.com,Emeline,Davie
pammy.dearr@gmail.com,Pammy,Dearr
etheline.yseulta@yahoo.com,Etheline,Yseulta
orelia.casta@hotmail.com,Orelia,Casta
cristy.lasorella@hotmail.com,Cristy,LaSorella
marcelline.agler@aol.com,Marcelline,Agler
angel.macknair@gmail.com,Angel,Macknair
rona.fablan@gmail.com,Rona,Fablan
heloise.bird@aol.com,Heloise,Bird
crissie.islaen@gmail.com,Crissie,Islaen
cherye.sloatman@hotmail.com,Cherye,Sloatman
kara-lynn.lynnelle@yahoo.com,Kara-Lynn,Lynnelle
eryn.miran@hotmail.com,Eryn,Miran
hally.weixel@gmail.com,Hally,Weixel
bridgette.oona@gmail.com,Bridgette,Oona
greer.birkle@aol.com,Greer,Birkle
dody.recha@gmail.com,Dody,Recha
stefania.apollus@gmail.com,Stefania,Apollus
lind.devland@aol.com,Lind,Devland
doralynn.cybill@gmail.com,Doralynn,Cybill
dulsea.salena@aol.com,Dulsea,Salena
shawnee.hilton@aol.com,Shawnee,Hilton
jean.doti@hotmail.com,Jean,Doti
trudy.delanos@aol.com,Trudy,Delanos
noami.prue@gmail.com,Noami,Prue
martie.ellita@yahoo.com,Martie,Ellita
tiffie.fruma@gmail.com,Tiffie,Fruma
vinny.bilicki@aol.com,Vinny,Bilicki
lilian.palua@hotmail.com,Lilian,Palua
corilla.wynny@aol.com,Corilla,Wynny
julietta.ric@yahoo.com,Julietta,Ric
inez.radke@gmail.com,Inez,Radke
gwennie.glynn@gmail.com,Gwennie,Glynn
camille.trutko@gmail.com,Camille,Trutko
violette.gustafsson@yahoo.com,Violette,Gustafsson
odille.burton@gmail.com,Odille,Burton
libby.swainson@gmail.com,Libby,Swainson
dominica.radmilla@gmail.com,Dominica,Radmilla
bella.giesser@gmail.com,Bella,Giesser
perla.clemmie@aol.com,Perla,Clemmie
tandie.jemie@yahoo.com,Tandie,Jemie
cindee.desireah@aol.com,Cindee,Desireah
paule.ragnar@yahoo.com,Paule,Ragnar
hendrika.drucilla@hotmail.com,Hendrika,Drucilla
ivory.jaymie@gmail.com,Ivory,Jaymie
clerissa.dinnage@aol.com,Clerissa,Dinnage
trude.lopez@yahoo.com,Trude,Lopez
norina.frechette@hotmail.com,Norina,Frechette
melloney.daph@yahoo.com,Melloney,Daph
wynn.fabrienne@gmail.com,Wynn,Fabrienne
nonah.lisabeth@gmail.com,Nonah,Lisabeth
norene.mauldon@aol.com,Norene,Mauldon
sidoney.meldoh@gmail.com,Sidoney,Meldoh
dell.murphy@aol.com,Dell,Murphy
elberta.leeann@yahoo.com,Elberta,Leeann
nadean.belldame@aol.com,Nadean,Belldame
celesta.sola@gmail.com,Celesta,Sola
oralie.camile@yahoo.com,Oralie,Camile
maybelle.ilyssa@gmail.com,Maybelle,Ilyssa
dorene.derina@hotmail.com,Dorene,Derina
mireille.cannice@hotmail.com,Mireille,Cannice
charis.kemppe@yahoo.com,Charis,Kemppe
emiline.dorcas@gmail.com,Emiline,Dorcas
jacinthe.salli@yahoo.com,Jacinthe,Salli
rici.alair@yahoo.com,Rici,Alair
vickie.easton@hotmail.com,Vickie,Easton
meara.bindman@aol.com,Meara,Bindman
ibbie.chappy@gmail.com,Ibbie,Chappy
katheryn.franni@gmail.com,Katheryn,Franni
frieda.frankhouse@gmail.com,Frieda,Frankhouse
babbette.kylah@gmail.com,Babbette,Kylah
veronica.steffi@gmail.com,Veronica,Steffi
colleen.matilde@gmail.com,Colleen,Matilde
vanna.thetos@gmail.com,Vanna,Thetos
carol.shane@aol.com,Carol,Shane
roselin.mauri@hotmail.com,Roselin,Mauri
emmye.liane@yahoo.com,Emmye,Liane
eolande.janina@yahoo.com,Eolande,Janina
luisa.peisch@aol.com,Luisa,Peisch
blisse.arne@aol.com,Blisse,Arne
aindrea.stauder@aol.com,Aindrea,Stauder
dorri.nuzzi@gmail.com,Dorri,Nuzzi
catlaina.marcelline@hotmail.com,Catlaina,Marcelline
gianina.magdaia@gmail.com,Gianina,Magdaia
shirley.sidonie@aol.com,Shirley,Sidonie
datha.fabrianne@gmail.com,Datha,Fabrianne
ezmeralda.delisle@hotmail.com,Ezmeralda,Delisle
dorice.cung@hotmail.com,Dorice,Cung
loraine.susannah@yahoo.com,Loraine,Susannah
kassia.toshiko@gmail.com,Kassia,Toshiko
brita.noelle@yahoo.com,Brita,Noelle
ursula.kaufmann@gmail.com,Ursula,Kaufmann
allissa.glenden@hotmail.com,Allissa,Glenden
kittie.gaylene@yahoo.com,Kittie,Gaylene
leola.nicolle@gmail.com,Leola,Nicolle
klarrisa.sidras@gmail.com,Klarrisa,Sidras
karen.upali@gmail.com,Karen,Upali
rae.ian@yahoo.com,Rae,Ian
evvie.maximilien@gmail.com,Evvie,Maximilien
anthe.tate@hotmail.com,Anthe,Tate
renee.charmain@yahoo.com,Renee,Charmain
susan.artemus@gmail.com,Susan,Artemus
indira.ky@gmail.com,Indira,Ky
modestine.kare@hotmail.com,Modestine,Kare
rey.brandais@hotmail.com,Rey,Brandais
lanita.guenevere@yahoo.com,Lanita,Guenevere
aurea.morez@gmail.com,Aurea,Morez
sherrie.chang@gmail.com,Sherrie,Chang
peggie.marlyn@gmail.com,Peggie,Marlyn
willyt.betty@gmail.com,Willyt,Betty
neely.annmarie@yahoo.com,Neely,Annmarie
jacklin.glenine@yahoo.com,Jacklin,Glenine
lula.alyse@gmail.com,Lula,Alyse
catlin.hoban@gmail.com,Catlin,Hoban
robbie.aiello@gmail.com,Robbie,Aiello
federica.madel@gmail.com,Federica,Madel
lin.strohl@aol.com,Lin,Strohl
bernita.adelric@gmail.com,Bernita,Adelric
hephzibah.mcnutt@yahoo.com,Hephzibah,McNutt
malvina.giess@hotmail.com,Malvina,Giess
lexine.barn@yahoo.com,Lexine,Barn
julietta.thirion@hotmail.com,Julietta,Thirion
paloma.andrey@gmail.com,Paloma,Andrey
zsazsa.mcgray@gmail.com,Zsazsa,McGray
susanna.steel@yahoo.com,Susanna,Steel
corabelle.elizabeth@hotmail.com,Corabelle,Elizabeth
clea.lunna@gmail.com,Clea,Lunna
gilda.wiencke@hotmail.com,Gilda,Wiencke
corissa.grimona@hotmail.com,Corissa,Grimona
kary.jaala@yahoo.com,Kary,Jaala
jacynth.porty@aol.com,Jacynth,Porty
becca.bruell@gmail.com,Becca,Bruell
lindsy.hatfield@hotmail.com,Lindsy,Hatfield
brinn.aaronson@yahoo.com,Brinn,Aaronson
talyah.pine@gmail.com,Talyah,Pine
terrye.stonwin@yahoo.com,Terrye,Stonwin
evangelia.sully@aol.com,Evangelia,Sully
kalli.papageno@hotmail.com,Kalli,Papageno
rosanna.stanfield@hotmail.com,Rosanna,Stanfield
lizette.goodman@gmail.com,Lizette,Goodman
lanette.annabal@gmail.com,Lanette,Annabal
blakeley.wildon@yahoo.com,Blakeley,Wildon
joelle.seys@yahoo.com,Joelle,Seys
elana.fritzie@gmail.com,Elana,Fritzie
georgina.griffy@gmail.com,Georgina,Griffy
lane.spearing@aol.com,Lane,Spearing
winifred.emily@yahoo.com,Winifred,Emily
faustina.mcknight@aol.com,Faustina,McKnight
etheline.hedi@yahoo.com,Etheline,Hedi
chad.giddings@hotmail.com,Chad,Giddings
ashly.erde@gmail.com,Ashly,Erde
kimmy.britte@gmail.com,Kimmy,Britte
bridie.phira@hotmail.com,Bridie,Phira
barbabra.darrell@aol.com,Barbabra,Darrell
joanie.sil@aol.com,Joanie,Sil
bernadette.goddard@yahoo.com,Bernadette,Goddard
felicdad.tingley@yahoo.com,Felicdad,Tingley
theressa.harald@hotmail.com,Theressa,Harald
madelin.peppel@hotmail.com,Madelin,Peppel
luciana.sibell@gmail.com,Luciana,Sibell
dasie.phiona@gmail.com,Dasie,Phiona
imogen.norvin@gmail.com,Imogen,Norvin
jacquetta.dorey@yahoo.com,Jacquetta,Dorey
theresina.dukie@yahoo.com,Theresina,Dukie
rozanna.roxy@hotmail.com,Rozanna,Roxy
jaine.naarah@gmail.com,Jaine,Naarah
christie.symon@yahoo.com,Christie,Symon
addie.prentiss@hotmail.com,Addie,Prentiss
gayla.waly@yahoo.com,Gayla,Waly
devi.richardson@hotmail.com,Devi,Richardson
genvieve.khorma@gmail.com,Genvieve,Khorma
tansy.end@hotmail.com,Tansy,End
avis.averi@gmail.com,Avis,Averi
yvonne.hubble@gmail.com,Yvonne,Hubble
renelle.leisha@gmail.com,Renelle,Leisha
seka.ma@hotmail.com,Seka,Ma
natassia.vastah@yahoo.com,Natassia,Vastah
adelina.bacchus@yahoo.com,Adelina,Bacchus
gabriellia.anagnos@hotmail.com,Gabriellia,Anagnos
didi.hamilton@yahoo.com,Didi,Hamilton
dee.kilk@gmail.com,Dee,Kilk
tasha.jamin@gmail.com,Tasha,Jamin
oralle.trillby@hotmail.com,Oralle,Trillby
maritsa.lashonda@gmail.com,Maritsa,Lashonda
rania.esther@aol.com,Rania,Esther
chelsie.sung@gmail.com,Chelsie,Sung
caty.zilvia@gmail.com,Caty,Zilvia
kathy.ramunni@gmail.com,Kathy,Ramunni
kalinda.tabbi@yahoo.com,Kalinda,Tabbi
blaire.marchall@gmail.com,Blaire,Marchall
georgena.leacock@aol.com,Georgena,Leacock
tove.salesin@hotmail.com,Tove,Salesin
tallou.lubin@hotmail.com,Tallou,Lubin
elga.elodia@aol.com,Elga,Elodia
lori.denman@gmail.com,Lori,Denman
karly.bailie@hotmail.com,Karly,Bailie
winnifred.liddie@hotmail.com,Winnifred,Liddie
demetra.gleda@gmail.com,Demetra,Gleda
katheryn.giffy@hotmail.com,Katheryn,Giffy
terese.vern@gmail.com,Terese,Vern
shel.frulla@gmail.com,Shel,Frulla
cheri.inverson@gmail.com,Cheri,Inverson
beverie.fionnula@aol.com,Beverie,Fionnula
melly.savell@hotmail.com,Melly,Savell
dre.harrell@gmail.com,Dre,Harrell
erma.harli@gmail.com,Erma,Harli
mollie.drida@gmail.com,Mollie,Drida
rosalind.bahr@gmail.com,Rosalind,Bahr
alyson.samuella@gmail.com,Alyson,Samuella
carlie.pattie@hotmail.com,Carlie,Pattie
corrina.zenger@yahoo.com,Corrina,Zenger
trudy.peh@hotmail.com,Trudy,Peh
darby.uella@yahoo.com,Darby,Uella
myrtice.koblas@gmail.com,Myrtice,Koblas
charlena.adina@yahoo.com,Charlena,Adina
randa.thurmond@yahoo.com,Randa,Thurmond
bebe.anastasio@gmail.com,Bebe,Anastasio
elly.durst@aol.com,Elly,Durst
bell.ause@yahoo.com,Bell,Ause
aileen.latreece@hotmail.com,Aileen,Latreece
chloette.lemmy@gmail.com,Chloette,Lemmy
dagmar.allyson@gmail.com,Dagmar,Allyson
carmelita.hogan@aol.com,Carmelita,Hogan
netty.dibri@hotmail.com,Netty,Dibri
charmian.alika@hotmail.com,Charmian,Alika
louella.zetta@gmail.com,Louella,Zetta
ranique.kelcie@aol.com,Ranique,Kelcie
anestassia.vigor@yahoo.com,Anestassia,Vigor
joannes.rudich@aol.com,Joannes,Rudich
atlante.bryant@aol.com,Atlante,Bryant
devinne.werner@gmail.com,Devinne,Werner
karlene.errol@yahoo.com,Karlene,Errol
rene.portingale@hotmail.com,Rene,Portingale
benny.warms@yahoo.com,Benny,Warms
zia.budding@yahoo.com,Zia,Budding
samantha.rasure@gmail.com,Samantha,Rasure
ara.jamaal@gmail.com,Ara,Jamaal
ellen.felske@aol.com,Ellen,Felske
luci.englis@gmail.com,Luci,Englis
terrijo.bores@yahoo.com,Terrijo,Bores
madelle.gati@aol.com,Madelle,Gati
joana.vogel@yahoo.com,Joana,Vogel
shoshana.cavanagh@aol.com,Shoshana,Cavanagh
gratia.zsolway@yahoo.com,Gratia,Zsolway
chloe.gellman@gmail.com,Chloe,Gellman
linnie.debbee@aol.com,Linnie,Debbee
ettie.alaric@yahoo.com,Ettie,Alaric
jaquith.rettke@yahoo.com,Jaquith,Rettke
amie.mellman@hotmail.com,Amie,Mellman
georgiana.george@gmail.com,Georgiana,George
kaye.wiersma@gmail.com,Kaye,Wiersma
ollie.blockus@hotmail.com,Ollie,Blockus
alane.ashlan@yahoo.com,Alane,Ashlan
erinna.anis@aol.com,Erinna,Anis
guendolen.moss@yahoo.com,Guendolen,Moss
sherri.hanser@hotmail.com,Sherri,Hanser
valeda.patti@gmail.com,Valeda,Patti
cacilia.hackathorn@aol.com,Cacilia,Hackathorn
ophelia.manon@aol.com,Ophelia,Manon
brandy.faludi@yahoo.com,Brandy,Faludi
rozelle.uella@gmail.com,Rozelle,Uella
blancha.dayle@yahoo.com,Blancha,Dayle
gretchen.pallaton@yahoo.com,Gretchen,Pallaton
ibbie.starlene@hotmail.com,Ibbie,Starlene
leontine.rambort@aol.com,Leontine,Rambort
hyacinth.petracca@yahoo.com,Hyacinth,Petracca
cherilynn.marthe@aol.com,Cherilynn,Marthe
cariotta.peer@gmail.com,Cariotta,Peer
avie.ruben@yahoo.com,Avie,Ruben
winny.land@gmail.com,Winny,Land
anne-corinne.alix@aol.com,Anne-Corinne,Alix
briny.battista@gmail.com,Briny,Battista
kevina.schnurr@gmail.com,Kevina,Schnurr
lyndsey.eliathas@gmail.com,Lyndsey,Eliathas
rebekkah.neel@gmail.com,Rebekkah,Neel
harmony.wolfram@aol.com,Harmony,Wolfram
cristine.egarton@gmail.com,Cristine,Egarton
robbyn.olsewski@gmail.com,Robbyn,Olsewski
stefanie.goulden@gmail.com,Stefanie,Goulden
barbaraanne.gladdy@yahoo.com,Barbaraanne,Gladdy
mildred.wiseman@yahoo.com,Mildred,Wiseman
lolly.zachariah@gmail.com,Lolly,Zachariah
krissy.honeywell@gmail.com,Krissy,Honeywell
ynes.harp@aol.com,Ynes,Harp
lorilyn.riane@yahoo.com,Lorilyn,Riane
orelle.bunker@gmail.com,Orelle,Bunker
danita.lontson@aol.com,Danita,Lontson
eddie.orlina@aol.com,Eddie,Orlina
alma.cerelly@gmail.com,Alma,Cerelly
carmon.ellis@gmail.com,Carmon,Ellis
lauralee.bik@gmail.com,Lauralee,Bik
lulu.madelina@hotmail.com,Lulu,Madelina
mahalia.gareth@aol.com,Mahalia,Gareth
wilmette.jeffery@yahoo.com,Wilmette,Jeffery
ajay.davina@gmail.com,Ajay,Davina
brina.amaras@hotmail.com,Brina,Amaras
tracie.gelhar@aol.com,Tracie,Gelhar
korella.trotter@hotmail.com,Korella,Trotter
emalia.kamal@hotmail.com,Emalia,Kamal
adorne.safier@hotmail.com,Adorne,Safier
glenn.dorotea@aol.com,Glenn,Dorotea
mame.robbi@hotmail.com,Mame,Robbi
evvie.geerts@hotmail.com,Evvie,Geerts
jackquelin.neom@yahoo.com,Jackquelin,Neom
maurene.adeline@gmail.com,Maurene,Adeline
dorita.anson@gmail.com,Dorita,Anson
magdaia.mountford@gmail.com,Magdaia,Mountford
isobel.fiorenze@gmail.com,Isobel,Fiorenze
poppy.jobyna@yahoo.com,Poppy,Jobyna
trescha.neidhardt@gmail.com,Trescha,Neidhardt
lanie.moitoso@gmail.com,Lanie,Moitoso
zola.vidal@aol.com,Zola,Vidal
elizabeth.shell@gmail.com,Elizabeth,Shell
cecilia.henrieta@gmail.com,Cecilia,Henrieta
faunie.dorree@gmail.com,Faunie,Dorree
goldie.sousa@aol.com,Goldie,Sousa
heida.phipps@gmail.com,Heida,Phipps
sofie.calesta@yahoo.com,Sofie,Calesta
stormie.gonzales@gmail.com,Stormie,Gonzales
cortney.addie@aol.com,Cortney,Addie
arlana.lello@yahoo.com,Arlana,Lello
pet.roby@hotmail.com,Pet,Roby
marianna.nelly@hotmail.com,Marianna,Nelly
leena.audwin@aol.com,Leena,Audwin
shaun.rabelais@yahoo.com,Shaun,Rabelais
daffie.reggie@aol.com,Daffie,Reggie
stephanie.ethelind@hotmail.com,Stephanie,Ethelind
melessa.cahn@yahoo.com,Melessa,Cahn
toby.musa@yahoo.com,Toby,Musa
chandal.ginder@gmail.com,Chandal,Ginder
maddie.flannery@gmail.com,Maddie,Flannery
zia.israeli@yahoo.com,Zia,Israeli
maddie.audun@hotmail.com,Maddie,Audun
veronika.luiza@gmail.com,Veronika,Luiza
ingrid.blakelee@aol.com,Ingrid,Blakelee
justine.polinski@gmail.com,Justine,Polinski
issie.deckert@gmail.com,Issie,Deckert
kai.elisabeth@hotmail.com,Kai,Elisabeth
charlotte.brandice@gmail.com,Charlotte,Brandice
indira.lilybelle@gmail.com,Indira,Lilybelle
deni.given@gmail.com,Deni,Given
dreddy.mouldon@gmail.com,Dreddy,Mouldon
chrysa.beaumont@yahoo.com,Chrysa,Beaumont
faydra.gaidano@gmail.com,Faydra,Gaidano
fleurette.dewar@hotmail.com,Fleurette,Dewar
chelsy.utica@gmail.com,Chelsy,Utica
klara.kariotta@gmail.com,Klara,Kariotta
alice.lissy@yahoo.com,Alice,Lissy
quintilla.rab@aol.com,Quintilla,Rab
henryetta.weylin@gmail.com,Henryetta,Weylin
rivkah.meriel@hotmail.com,Rivkah,Meriel
bernardina.prior@gmail.com,Bernardina,Prior
joy.hagan@gmail.com,Joy,Hagan
jaquelyn.odlo@yahoo.com,Jaquelyn,Odlo
glen.darci@yahoo.com,Glen,Darci
beatrix.drake@gmail.com,Beatrix,Drake
lynelle.alisen@hotmail.com,Lynelle,Alisen
corry.toms@gmail.com,Corry,Toms
erika.mercedes@hotmail.com,Erika,Mercedes
hailee.ciel@gmail.com,Hailee,Ciel
merrielle.cida@hotmail.com,Merrielle,Cida
alysia.vi@gmail.com,Alysia,Vi
sophey.nema@aol.com,Sophey,Nema
stacee.o'driscoll@aol.com,Stacee,O'Driscoll
catharine.garret@aol.com,Catharine,Garret
vanni.deirdre@aol.com,Vanni,Deirdre
clovis.lane@hotmail.com,Clovis,Lane
carmina.maggi@gmail.com,Carmina,Maggi
tiphani.lucio@gmail.com,Tiphani,Lucio
fanny.fries@aol.com,Fanny,Fries
ferdinanda.thema@hotmail.com,Ferdinanda,Thema
cori.eirena@aol.com,Cori,Eirena
ophelia.alper@gmail.com,Ophelia,Alper
gusta.lenwood@gmail.com,Gusta,Lenwood
jess.jovi@gmail.com,Jess,Jovi
drusi.zetta@gmail.com,Drusi,Zetta
cary.ode@aol.com,Cary,Ode
diann.spark@yahoo.com,Diann,Spark
leia.inigo@gmail.com,Leia,Inigo
max.pack@yahoo.com,Max,Pack
zola.cheston@aol.com,Zola,Cheston
aggi.linders@hotmail.com,Aggi,Linders
vita.poole@gmail.com,Vita,Poole
vinita.clari@gmail.com,Vinita,Clari
cindelyn.traver@hotmail.com,Cindelyn,Traver
katuscha.nashner@aol.com,Katuscha,Nashner
charlene.ammamaria@hotmail.com,Charlene,Ammamaria
nicol.mycah@gmail.com,Nicol,Mycah
amberly.fabozzi@hotmail.com,Amberly,Fabozzi
nikkie.berkshire@hotmail.com,Nikkie,Berkshire
marisa.gilberte@gmail.com,Marisa,Gilberte
gusella.rebel@aol.com,Gusella,Rebel
karna.cardie@yahoo.com,Karna,Cardie
chiarra.stephine@aol.com,Chiarra,Stephine
philly.dodds@gmail.com,Philly,Dodds
yolanthe.drescher@gmail.com,Yolanthe,Drescher
chrystel.mcginnis@yahoo.com,Chrystel,McGinnis
tiertza.baudin@hotmail.com,Tiertza,Baudin
corey.stoat@yahoo.com,Corey,Stoat
alexine.sauer@aol.com,Alexine,Sauer
jaquelin.lavena@aol.com,Jaquelin,Lavena
ryann.spiegelman@gmail.com,Ryann,Spiegelman
loise.fariss@gmail.com,Loise,Fariss
milly.shepley@aol.com,Milly,Shepley
merci.dolorita@gmail.com,Merci,Dolorita
amandi.saree@aol.com,Amandi,Saree
enrika.fonzie@gmail.com,Enrika,Fonzie
corrianne.power@hotmail.com,Corrianne,Power
babette.minetta@gmail.com,Babette,Minetta
christin.sailesh@aol.com,Christin,Sailesh
therine.garland@hotmail.com,Therine,Garland
rani.anallese@gmail.com,Rani,Anallese
mufi.hagai@aol.com,Mufi,Hagai
benetta.stormy@hotmail.com,Benetta,Stormy
patience.bikales@gmail.com,Patience,Bikales
angelica.bethena@gmail.com,Angelica,Bethena
windy.lucky@hotmail.com,Windy,Lucky
dara.susette@hotmail.com,Dara,Susette
jasmine.yasui@gmail.com,Jasmine,Yasui
george.neuburger@hotmail.com,George,Neuburger
kippie.midis@gmail.com,Kippie,Midis
oliy.pickens@gmail.com,Oliy,Pickens
olwen.walli@yahoo.com,Olwen,Walli
myrtle.thant@yahoo.com,Myrtle,Thant
yvonne.housum@aol.com,Yvonne,Housum
emalee.rab@gmail.com,Emalee,Rab
alis.lyris@yahoo.com,Alis,Lyris
letisha.ammon@aol.com,Letisha,Ammon
evangeline.drummond@aol.com,Evangeline,Drummond
etheline.mongeau@yahoo.com,Etheline,Mongeau
alida.brnaby@yahoo.com,Alida,Brnaby
dniren.gonagle@aol.com,Dniren,Gonagle
tory.lisabet@aol.com,Tory,Lisabet
zuzana.absalom@hotmail.com,Zuzana,Absalom
selinda.salem@aol.com,Selinda,Salem
dot.mathian@hotmail.com,Dot,Mathian
cherilynn.frechette@yahoo.com,Cherilynn,Frechette
reena.ranite@yahoo.com,Reena,Ranite
golda.moyer@hotmail.com,Golda,Moyer
guenevere.belia@gmail.com,Guenevere,Belia
betteanne.kutzer@aol.com,Betteanne,Kutzer
lorrin.fariss@hotmail.com,Lorrin,Fariss
flora.walburga@gmail.com,Flora,Walburga
loise.columba@hotmail.com,Loise,Columba
kerrie.amadas@hotmail.com,Kerrie,Amadas
arleta.sanson@aol.com,Arleta,Sanson
nerte.duwe@hotmail.com,Nerte,Duwe
tami.ankeny@gmail.com,Tami,Ankeny
janette.pincas@yahoo.com,Janette,Pincas
ulla.ainslie@hotmail.com,Ulla,Ainslie
prudi.joshia@yahoo.com,Prudi,Joshia
nelly.baram@yahoo.com,Nelly,Baram
willamina.germaine@gmail.com,Willamina,Germaine
sarina.landsman@gmail.com,Sarina,Landsman
audie.jandel@hotmail.com,Audie,Jandel
tabbi.grae@aol.com,Tabbi,Grae
trudy.langdon@gmail.com,Trudy,Langdon
ysabel.rocky@gmail.com,Ysabel,Rocky
annette.baldridge@aol.com,Annette,Baldridge
donia.gilman@yahoo.com,Donia,Gilman
gayla.daphne@aol.com,Gayla,Daphne
alanna.duhl@gmail.com,Alanna,Duhl
mela.loeb@aol.com,Mela,Loeb
rania.alejandrina@yahoo.com,Rania,Alejandrina
fanechka.walrath@aol.com,Fanechka,Walrath
demetris.hochman@hotmail.com,Demetris,Hochman
loralie.powder@yahoo.com,Loralie,Powder
myrtia.kaya@gmail.com,Myrtia,Kaya
clareta.meade@gmail.com,Clareta,Meade
sibelle.cathie@hotmail.com,Sibelle,Cathie
roxi.oberon@hotmail.com,Roxi,Oberon
janna.crosse@yahoo.com,Janna,Crosse
lexie.baiel@aol.com,Lexie,Baiel
jillayne.thomasa@gmail.com,Jillayne,Thomasa
rubia.lovett@hotmail.com,Rubia,Lovett
jonie.corydon@aol.com,Jonie,Corydon
celestina.lipinski@yahoo.com,Celestina,Lipinski
judye.gamages@gmail.com,Judye,Gamages
olympie.glasgo@aol.com,Olympie,Glasgo
viole.beulah@hotmail.com,Viole,Beulah
karly.nemhauser@gmail.com,Karly,Nemhauser
darby.feinleib@gmail.com,Darby,Feinleib
cristen.comstock@hotmail.com,Cristen,Comstock
tedi.allix@gmail.com,Tedi,Allix
berti.annamaria@gmail.com,Berti,Annamaria
diane.shandeigh@aol.com,Diane,Shandeigh
ardyce.beberg@yahoo.com,Ardyce,Beberg
gennifer.wilbur@hotmail.com,Gennifer,Wilbur
juli.harbard@aol.com,Juli,Harbard
theressa.heisel@yahoo.com,Theressa,Heisel
dorri.martin@hotmail.com,Dorri,Martin
daphna.bremer@gmail.com,Daphna,Bremer
naoma.besse@aol.com,Naoma,Besse
bill.gallard@hotmail.com,Bill,Gallard
wandie.berneta@gmail.com,Wandie,Berneta
cordula.thaddeus@aol.com,Cordula,Thaddeus
kirsti.pilar@gmail.com,Kirsti,Pilar
gayla.goodhen@gmail.com,Gayla,Goodhen
amata.matlick@gmail.com,Amata,Matlick
chelsea.linehan@aol.com,Chelsea,Linehan
carmela.cordeelia@yahoo.com,Carmela,Cordeelia
jilli.huntington@hotmail.com,Jilli,Huntington
rebeca.scottie@gmail.com,Rebeca,Scottie
benoite.kuhlman@aol.com,Benoite,Kuhlman
bethena.christianna@gmail.com,Bethena,Christianna
gerda.sung@aol.com,Gerda,Sung
ashil.etem@gmail.com,Ashil,Etem
tiffi.adolf@aol.com,Tiffi,Adolf
gloriana.latimer@gmail.com,Gloriana,Latimer
caryn.arte@gmail.com,Caryn,Arte
anestassia.huxham@gmail.com,Anestassia,Huxham
keely.oster@gmail.com,Keely,Oster
benoite.mungovan@yahoo.com,Benoite,Mungovan
denni.millicent@aol.com,Denni,Millicent
sheba.ginni@yahoo.com,Sheba,Ginni
susan.coffeng@hotmail.com,Susan,Coffeng
elysee.heidt@gmail.com,Elysee,Heidt
micheline.norling@hotmail.com,Micheline,Norling
ellie.jesher@gmail.com,Ellie,Jesher
ericha.marve@hotmail.com,Ericha,Marve
